<?xml version="1.0" encoding="UTF-8"?>
<!DOCTYPE mapper PUBLIC "-//mybatis.org//DTD Mapper 3.0//EN" "http://mybatis.org/dtd/mybatis-3-mapper.dtd">
<mapper namespace="com.life.chat.mapper.ChatMsgMapper">

    <insert id="InsertChatMsg" parameterType="com.life.chat.bean.ChatMsg" useGeneratedKeys="true" keyProperty="id">
        insert into tb_disable_date_message (sender_id, receiver_id, message_type, send_text)
        values (#{senduserid}, #{reciveuserid}, #{msgtype}, #{sendtext})
    </insert>


    <select id="LookTwoUserMsg" resultType="com.life.chat.bean.ChatMsg">
        select id,
               sender_id      senduserid,
               receiver_id    reciveuserid,
               send_text      sendtext,
               send_time      sendtime,
               message_type   msgtype,
               message_status msgstatus
        from tb_disable_date_message
        where sender_id = #{chatMsg.senduserid} and receiver_id = #{chatMsg.reciveuserid}
           or sender_id = #{chatMsg.reciveuserid} and receiver_id = #{chatMsg.senduserid}
    </select>

    <select id="LookPersonUserMsg" resultType="com.life.chat.bean.ChatMsg">
        select id,
               sender_id      senduserid,
               receiver_id    reciveuserid,
               send_text      sendtext,
               send_time      sendtime,
               message_type   msgtype,
               message_status msgstatus
        from tb_disable_date_message
        where sender_id = #{chatMsg.senduserid}
          and receiver_id = #{chatMsg.reciveuserid}
    </select>

    <select id="LookTwoUserNowFriendMsg" resultType="com.life.chat.bean.ChatMsg">
        SELECT id,
               sender_id      senduserid,
               receiver_id    reciveuserid,
               send_text      sendtext,
               send_time      sendtime,
               message_type   msgtype,
               message_status msgstatus
        FROM tb_disable_date_message
        WHERE send_time > #{sendTime}
          AND (sender_id = #{chatMsg.senduserid} and receiver_id = #{chatMsg.reciveuserid}
            OR sender_id = #{chatMsg.reciveuserid} and receiver_id = #{chatMsg.senduserid})
    </select>

    <select id="unreadMessages" resultType="com.life.chat.bean.ChatMsg">
        select id,
               sender_id      senduserid,
               receiver_id    reciveuserid,
               send_text      sendtext,
               send_time      sendtime,
               message_type   msgtype,
               message_status msgstatus
        from tb_disable_date_message
        where sender_id = #{chatMsg.senduserid}
          and receiver_id = #{chatMsg.reciveuserid}
          and message_status = 0
    </select>

    <update id="alreadyRead" parameterType="com.life.chat.bean.ChatMsg">
        update tb_disable_date_message
        set message_status = 1
        where id = #{id}
    </update>

</mapper>