<?xml version="1.0" encoding="UTF-8"?>
<!DOCTYPE mapper PUBLIC "-//mybatis.org//DTD Mapper 3.0//EN" "http://mybatis.org/dtd/mybatis-3-mapper.dtd">
<mapper namespace="com.life.chat.mapper.ChatFriendsMapper">

    <resultMap id="BaseResultMap" type="com.life.chat.bean.ChatFriends">
        <id column="user_id" jdbcType="VARCHAR" property="userid"/>
        <result column="nick_name" jdbcType="VARCHAR" property="nickname"/>
        <result column="head_pic_path" jdbcType="VARCHAR" property="uimg"/>
    </resultMap>

    <resultMap id="UserBaseResultMap" type="com.life.chat.bean.Userinfo">
        <id column="user_id" jdbcType="INTEGER" property="userid"/>
        <result column="nick_name" jdbcType="VARCHAR" property="nickname"/>
        <result column="head_pic_path" jdbcType="VARCHAR" property="uimg"/>
    </resultMap>

    <select id="LookUserAllFriends" resultMap="BaseResultMap" parameterType="java.lang.String">
        select user_id, nick_name, head_pic_path
        from tb_disable_date_user
        where user_id in
              (select a.fuser_id from tb_disable_date_chat_friends a where a.user_id = #{userid} and a.state = 1)
    </select>
    <insert id="InsertUserFriend" parameterType="com.life.chat.bean.ChatFriends">
        insert into tb_disable_date_chat_friends (user_id, fuser_id) value (#{userid}, #{fuserid})
    </insert>
    <update id="DeleteUserFriend" parameterType="com.life.chat.bean.ChatFriends">
        UPDATE tb_disable_date_chat_friends
        SET state       = 0,
            times       = times + 1,
            update_time = now(),
            last_time   = now()
        WHERE user_id = #{userid}
          AND fuser_id = #{fuserid}
    </update>

    <update id="updateUserFriend" parameterType="com.life.chat.bean.ChatFriends">
        UPDATE tb_disable_date_chat_friends
        SET state       = 1,
            update_time = now()
        WHERE user_id = #{userid}
          AND fuser_id = #{fuserid}
          AND id = #{id}
    </update>

    <select id="JustTwoUserIsFriend" parameterType="com.life.chat.bean.ChatFriends" resultType="java.lang.Integer">
        select id
        from tb_disable_date_chat_friends
        where user_id = #{userid}
          and fuser_id = #{fuserid}
    </select>
    <select id="selectFriend" parameterType="com.life.chat.bean.ChatFriends"
            resultType="com.life.chat.bean.ChatFriends">
        select id,
               user_id,
               fuser_id,
               state,
               times,
               last_time   lastTime,
               update_time updateTime,
               create_time createTime
        from tb_disable_date_chat_friends
        where user_id = #{userid}
          and fuser_id = #{fuserid}
    </select>
    <select id="LkUserinfoByUserid" parameterType="java.lang.String" resultMap="UserBaseResultMap">
        select user_id, nick_name, head_pic_path
        from tb_disable_date_user
        where user_id = #{userid}
    </select>


</mapper>