<?xml version="1.0" encoding="UTF-8"?>
<!DOCTYPE mapper PUBLIC "-//mybatis.org//DTD Mapper 3.0//EN" "http://mybatis.org/dtd/mybatis-3-mapper.dtd">
<mapper namespace="com.personInfo.mapper.FanMapper">
    <resultMap id="BaseResultMap" type="com.personInfo.bean.Fan">
        <result column="id" jdbcType="TINYINT" property="id"/>
        <result column="user_id" jdbcType="BIGINT" property="userId"/>
        <result column="follower" jdbcType="BIGINT" property="follower"/>
        <result column="status" jdbcType="TINYINT" property="status"/>
        <result column="create_time" jdbcType="TIMESTAMP" property="createTime"/>
        <result column="update_time" jdbcType="TIMESTAMP" property="updateTime"/>
    </resultMap>
    <sql id="Base_Column_List">
        id,user_id, follower, status, create_time, update_time
    </sql>


    <select id="selectFollowerByUserId" parameterType="java.lang.Integer" resultMap="BaseResultMap">
        SELECT * FROM
        `tb_disable_date_fans` where (follower = #{follower} and status = 2)
        ORDER BY user_id
        <if test="start!=null and limit!=null">
            LIMIT #{start},#{limit}
        </if>
    </select>

    <select id="selectFollowerCountByUserId" parameterType="java.lang.Long" resultType="java.lang.Long">
        SELECT count(*) FROM
        `tb_disable_date_fans` where (user_id = #{userId} and status = 2)
    </select>

    <select id="selectAttentionStatus" parameterType="java.lang.Long" resultType="java.lang.Long">
        SELECT count(*) FROM
            `tb_disable_date_fans` where (user_id = #{userId} and follower = #{follower})
    </select>


    <select id="selectStatusBetweenTwoUser" parameterType="java.lang.Integer" resultMap="BaseResultMap">
        select * from `tb_disable_date_fans` where
            (user_id = #{firstUserId} and follower = #{secondUserId})
            or (user_id = #{secondUserId} and follower = #{firstUserId})
    </select>

    <update id="addAttention" parameterType="com.personInfo.bean.Fan">
        update `tb_disable_date_fans`
        set
            status = 2,
            update_time = now()
        where user_id = #{userId,jdbcType=BIGINT} and follower = #{follower,jdbcType=BIGINT}
    </update>

    <update id="cancelAttention" parameterType="com.personInfo.bean.Fan">
        update `tb_disable_date_fans`
        set
            status = 1,
            update_time = now()
        where user_id = #{userId,jdbcType=BIGINT} and follower = #{follower,jdbcType=BIGINT}
    </update>

    <insert id="insertAttentionRecord" useGeneratedKeys="true" keyProperty="id"
            parameterType="com.personInfo.bean.Fan">
        insert into `tb_disable_date_fans`
        <trim prefix="(" suffix=")" suffixOverrides=",">
            <if test="id != null">
                id,
            </if>
            <if test="userId != null">
                user_id,
            </if>
            <if test="follower != null">
                follower,
            </if>
            <if test="status != null">
                status,
            </if>
            <if test="createTime != null">
                create_time,
            </if>
            <if test="updateTime != null">
                update_time,
            </if>
        </trim>
        <trim prefix="values (" suffix=")" suffixOverrides=",">
            <if test="id != null">
                #{id,jdbcType=BIGINT},
            </if>
            <if test="userId != null">
                #{userId,jdbcType=BIGINT},
            </if>
            <if test="follower != null">
                #{follower,jdbcType=BIGINT},
            </if>
            <if test="status != null">
                #{status,jdbcType=TINYINT},
            </if>
            <if test="createTime != null">
                #{createTime,jdbcType=TIMESTAMP},
            </if>
            <if test="updateTime != null">
                #{updateTime,jdbcType=TIMESTAMP},
            </if>
        </trim>
    </insert>


    <delete id="deleteRecord" parameterType="java.lang.Integer">
        delete from `tb_disable_date_fans` where user_id = #{userId,jdbcType=BIGINT} or follower = #{follower,jdbcType=BIGINT}
    </delete>

</mapper>