<?xml version="1.0" encoding="UTF-8"?>
<!DOCTYPE mapper PUBLIC "-//mybatis.org//DTD Mapper 3.0//EN" "http://mybatis.org/dtd/mybatis-3-mapper.dtd">
<mapper namespace="com.personInfo.mapper.PictureAlbumMapper">
  <resultMap id="BaseResultMap" type="com.personInfo.bean.PictureAlbum">
    <id column="id" jdbcType="BIGINT" property="id" />
    <result column="user_id" jdbcType="BIGINT" property="userId" />
    <result column="pic_desc" jdbcType="VARCHAR" property="picDesc" />
    <result column="pic_path" jdbcType="VARCHAR" property="picPath" />
    <result column="like_counts" jdbcType="BIGINT" property="likeCounts" />
    <result column="status" jdbcType="INTEGER" property="status" />
    <result column="create_time" jdbcType="TIMESTAMP" property="createTime" />
  </resultMap>

  <sql id="Base_Column_List">
    id, user_id, pic_desc, pic_path, like_counts, status, create_time
  </sql>

  <select id="selectByPrimaryKey" parameterType="java.lang.Long" resultMap="BaseResultMap">
    select
    <include refid="Base_Column_List" />
    from tb_disable_picture_album
    where id = #{id,jdbcType=BIGINT}
  </select>

  <select id="findRecordList" parameterType="Map" resultMap="BaseResultMap">
    SELECT * FROM
    `tb_disable_picture_album`
    <if test="start!=null and limit!=null">
      LIMIT #{start},#{limit}
    </if>
  </select>


  <select id="selectPictureByUserId" parameterType="java.lang.Long" resultMap="BaseResultMap">
    select
    <include refid="Base_Column_List" />
    from tb_disable_picture_album
    where user_id = #{userId,jdbcType=BIGINT}
  </select>

  <select id="selectPictureCountByUserId" parameterType="java.lang.Long" resultType="java.lang.Integer">
    select count(*)
    from tb_disable_picture_album
    where user_id = #{userId,jdbcType=BIGINT}
  </select>


  <delete id="deleteByPrimaryKey" parameterType="java.lang.Long">
    delete from tb_disable_picture_album
    where id = #{id,jdbcType=BIGINT}
  </delete>
  <insert id="insert" parameterType="com.personInfo.bean.PictureAlbum"
  keyProperty="id" useGeneratedKeys="true">
    insert into tb_disable_picture_album (id, user_id, pic_desc, 
      pic_path, like_counts, status, 
      create_time)
    values (#{id,jdbcType=BIGINT}, #{userId,jdbcType=BIGINT}, #{picDesc,jdbcType=VARCHAR}, 
      #{picPath,jdbcType=VARCHAR}, #{likeCounts,jdbcType=BIGINT}, #{status,jdbcType=INTEGER}, 
      #{createTime,jdbcType=TIMESTAMP})
  </insert>
  <insert id="insertSelective" parameterType="com.personInfo.bean.PictureAlbum"
          useGeneratedKeys="true" keyProperty="id">
    insert into tb_disable_picture_album
    <trim prefix="(" suffix=")" suffixOverrides=",">
      <if test="userId != null">
        user_id,
      </if>
      <if test="picDesc != null">
        pic_desc,
      </if>
      <if test="picPath != null">
        pic_path,
      </if>
      <if test="likeCounts != null">
        like_counts,
      </if>
      <if test="status != null">
        status,
      </if>
      <if test="createTime != null">
        create_time,
      </if>
    </trim>
    <trim prefix="values (" suffix=")" suffixOverrides=",">
      <if test="userId != null">
        #{userId,jdbcType=BIGINT},
      </if>
      <if test="picDesc != null">
        #{picDesc,jdbcType=VARCHAR},
      </if>
      <if test="picPath != null">
        #{picPath,jdbcType=VARCHAR},
      </if>
      <if test="likeCounts != null">
        #{likeCounts,jdbcType=BIGINT},
      </if>
      <if test="status != null">
        #{status,jdbcType=INTEGER},
      </if>
      <if test="createTime != null">
        #{createTime,jdbcType=TIMESTAMP},
      </if>
    </trim>
  </insert>

<!--  id, user_id, pic_desc, pic_path, like_counts, status, create_time-->

  <insert id="insertBatch" parameterType="com.personInfo.bean.PictureAlbum" useGeneratedKeys="true" keyProperty="id">
    insert into `tb_disable_date_requirements` (user_id, pic_desc, pic_path, like_counts,
    status, create_time)
    values
    <foreach collection="recordItems" item="recordItem" separator=",">
      (
        #{recordItem.userId,jdbcType=BIGINT}, #{recordItem.picDesc,jdbcType=VARCHAR},
        #{recordItem.picPath,jdbcType=VARCHAR}, #{recordItem.likeCounts,jdbcType=BIGINT},
        #{recordItem.status,jdbcType=INTEGER},#{recordItem.createTime,jdbcType=TIMESTAMP}
      )
    </foreach>
  </insert>

  <update id="updateByPrimaryKeySelective" parameterType="com.personInfo.bean.PictureAlbum">
    update tb_disable_picture_album
    <set>
      <if test="userId != null">
        user_id = #{userId,jdbcType=BIGINT},
      </if>
      <if test="picDesc != null">
        pic_desc = #{picDesc,jdbcType=VARCHAR},
      </if>
      <if test="picPath != null">
        pic_path = #{picPath,jdbcType=VARCHAR},
      </if>
      <if test="likeCounts != null">
        like_counts = #{likeCounts,jdbcType=BIGINT},
      </if>
      <if test="status != null">
        status = #{status,jdbcType=INTEGER},
      </if>
      <if test="createTime != null">
        create_time = #{createTime,jdbcType=TIMESTAMP},
      </if>
    </set>
    where id = #{id,jdbcType=BIGINT}
  </update>
  <update id="updateByPrimaryKey" parameterType="com.personInfo.bean.PictureAlbum">
    update tb_disable_picture_album
    set user_id = #{userId,jdbcType=BIGINT},
      pic_desc = #{picDesc,jdbcType=VARCHAR},
      pic_path = #{picPath,jdbcType=VARCHAR},
      like_counts = #{likeCounts,jdbcType=BIGINT},
      status = #{status,jdbcType=INTEGER},
      create_time = #{createTime,jdbcType=TIMESTAMP}
    where id = #{id,jdbcType=BIGINT}
  </update>
</mapper>