<?xml version="1.0" encoding="UTF-8"?>
<!DOCTYPE mapper PUBLIC "-//mybatis.org//DTD Mapper 3.0//EN" "http://mybatis.org/dtd/mybatis-3-mapper.dtd">
<mapper namespace="com.personInfo.mapper.VideosMapper">
  <resultMap id="BaseResultMap" type="com.personInfo.bean.Videos">
    <id column="id" jdbcType="VARCHAR" property="id" />
    <result column="user_id" jdbcType="BIGINT" property="userId" />
    <result column="audio_id" jdbcType="VARCHAR" property="audioId" />
    <result column="video_desc" jdbcType="VARCHAR" property="videoDesc" />
    <result column="video_path" jdbcType="VARCHAR" property="videoPath" />
    <result column="video_seconds" jdbcType="REAL" property="videoSeconds" />
    <result column="video_width" jdbcType="INTEGER" property="videoWidth" />
    <result column="video_height" jdbcType="INTEGER" property="videoHeight" />
    <result column="cover_path" jdbcType="VARCHAR" property="coverPath" />
    <result column="like_counts" jdbcType="BIGINT" property="likeCounts" />
    <result column="status" jdbcType="INTEGER" property="status" />
    <result column="create_time" jdbcType="TIMESTAMP" property="createTime" />
  </resultMap>

  <sql id="Base_Column_List">
    id, user_id, audio_id, video_desc, video_path, video_seconds, video_width, video_height, 
    cover_path, like_counts, status, create_time
  </sql>

  <select id="selectByUserId" parameterType="java.lang.Integer" resultMap="BaseResultMap">
    select
    <include refid="Base_Column_List" />
    from tb_disable_videos
    where user_id = #{userId,jdbcType=VARCHAR}
  </select>

  <select id="selectByPrimaryKey" parameterType="java.lang.String" resultMap="BaseResultMap">
    select 
    <include refid="Base_Column_List" />
    from tb_disable_videos
    where id = #{id,jdbcType=VARCHAR}
  </select>

  <delete id="deleteByPrimaryKey" parameterType="java.lang.String">
    delete from tb_disable_videos
    where id = #{id,jdbcType=VARCHAR}
  </delete>

  <insert id="insert" parameterType="com.personInfo.bean.Videos">
    insert into tb_disable_videos (id, user_id, audio_id, 
      video_desc, video_path, video_seconds, 
      video_width, video_height, cover_path, 
      like_counts, status, create_time
      )
    values (#{id,jdbcType=VARCHAR}, #{userId,jdbcType=BIGINT}, #{audioId,jdbcType=VARCHAR}, 
      #{videoDesc,jdbcType=VARCHAR}, #{videoPath,jdbcType=VARCHAR}, #{videoSeconds,jdbcType=REAL}, 
      #{videoWidth,jdbcType=INTEGER}, #{videoHeight,jdbcType=INTEGER}, #{coverPath,jdbcType=VARCHAR}, 
      #{likeCounts,jdbcType=BIGINT}, #{status,jdbcType=INTEGER}, #{createTime,jdbcType=TIMESTAMP}
      )
  </insert>

  <insert id="insertSelective" parameterType="com.personInfo.bean.Videos">
    insert into tb_disable_videos
    <trim prefix="(" suffix=")" suffixOverrides=",">
      <if test="id != null">
        id,
      </if>
      <if test="userId != null">
        user_id,
      </if>
      <if test="audioId != null">
        audio_id,
      </if>
      <if test="videoDesc != null">
        video_desc,
      </if>
      <if test="videoPath != null">
        video_path,
      </if>
      <if test="videoSeconds != null">
        video_seconds,
      </if>
      <if test="videoWidth != null">
        video_width,
      </if>
      <if test="videoHeight != null">
        video_height,
      </if>
      <if test="coverPath != null">
        cover_path,
      </if>
      <if test="likeCounts != null">
        like_counts,
      </if>
      <if test="status != null">
        status,
      </if>
      <if test="createTime != null">
        create_time,
      </if>
    </trim>
    <trim prefix="values (" suffix=")" suffixOverrides=",">
      <if test="id != null">
        #{id,jdbcType=VARCHAR},
      </if>
      <if test="userId != null">
        #{userId,jdbcType=BIGINT},
      </if>
      <if test="audioId != null">
        #{audioId,jdbcType=VARCHAR},
      </if>
      <if test="videoDesc != null">
        #{videoDesc,jdbcType=VARCHAR},
      </if>
      <if test="videoPath != null">
        #{videoPath,jdbcType=VARCHAR},
      </if>
      <if test="videoSeconds != null">
        #{videoSeconds,jdbcType=REAL},
      </if>
      <if test="videoWidth != null">
        #{videoWidth,jdbcType=INTEGER},
      </if>
      <if test="videoHeight != null">
        #{videoHeight,jdbcType=INTEGER},
      </if>
      <if test="coverPath != null">
        #{coverPath,jdbcType=VARCHAR},
      </if>
      <if test="likeCounts != null">
        #{likeCounts,jdbcType=BIGINT},
      </if>
      <if test="status != null">
        #{status,jdbcType=INTEGER},
      </if>
      <if test="createTime != null">
        #{createTime,jdbcType=TIMESTAMP},
      </if>
    </trim>
  </insert>

  <update id="updateByPrimaryKeySelective" parameterType="com.personInfo.bean.Videos">
    update tb_disable_videos
    <set>
      <if test="userId != null">
        user_id = #{userId,jdbcType=BIGINT},
      </if>
      <if test="audioId != null">
        audio_id = #{audioId,jdbcType=VARCHAR},
      </if>
      <if test="videoDesc != null">
        video_desc = #{videoDesc,jdbcType=VARCHAR},
      </if>
      <if test="videoPath != null">
        video_path = #{videoPath,jdbcType=VARCHAR},
      </if>
      <if test="videoSeconds != null">
        video_seconds = #{videoSeconds,jdbcType=REAL},
      </if>
      <if test="videoWidth != null">
        video_width = #{videoWidth,jdbcType=INTEGER},
      </if>
      <if test="videoHeight != null">
        video_height = #{videoHeight,jdbcType=INTEGER},
      </if>
      <if test="coverPath != null">
        cover_path = #{coverPath,jdbcType=VARCHAR},
      </if>
      <if test="likeCounts != null">
        like_counts = #{likeCounts,jdbcType=BIGINT},
      </if>
      <if test="status != null">
        status = #{status,jdbcType=INTEGER},
      </if>
      <if test="createTime != null">
        create_time = #{createTime,jdbcType=TIMESTAMP},
      </if>
    </set>
    where id = #{id,jdbcType=VARCHAR}
  </update>

  <update id="updateByPrimaryKey" parameterType="com.personInfo.bean.Videos">
    update tb_disable_videos
    set user_id = #{userId,jdbcType=BIGINT},
      audio_id = #{audioId,jdbcType=VARCHAR},
      video_desc = #{videoDesc,jdbcType=VARCHAR},
      video_path = #{videoPath,jdbcType=VARCHAR},
      video_seconds = #{videoSeconds,jdbcType=REAL},
      video_width = #{videoWidth,jdbcType=INTEGER},
      video_height = #{videoHeight,jdbcType=INTEGER},
      cover_path = #{coverPath,jdbcType=VARCHAR},
      like_counts = #{likeCounts,jdbcType=BIGINT},
      status = #{status,jdbcType=INTEGER},
      create_time = #{createTime,jdbcType=TIMESTAMP}
    where id = #{id,jdbcType=VARCHAR}
  </update>

</mapper>