<?xml version="1.0" encoding="UTF-8" ?>
<!DOCTYPE mapper PUBLIC "-//mybatis.org//DTD Mapper 3.0//EN" "http://mybatis.org/dtd/mybatis-3-mapper.dtd" >
<mapper namespace="com.life.admin.dao.UserMapper">
    <select id="selectPageCustom" resultType="com.life.admin.pojo.User">
        SELECT tddu.*
        FROM tb_disable_date_user tddu
        JOIN tb_disable_date_person_basic_info tddpbi ON tddu.user_id = tddpbi.person_id
        <where>
            <if test="tel != null and tel != ''">
                tddpbi.phone = #{tel}
            </if>
        </where>
    </select>
    <select id="selectSystemList" resultType="com.life.admin.vo.SystemUserVo">
        SELECT tddu.user_id,tddu.nick_name,tddu.head_pic_path
        FROM tb_disable_date_user tddu
        JOIN tb_disable_date_person_detail_info tddpbi ON tddu.user_id = tddpbi.person_id
        WHERE tddpbi.is_system=1
        <if test="manageUserId != null and  manageUserId != ''">
            AND tddu.manage_id = #{manageUserId}
        </if>
    </select>
</mapper>